UserName,Password,Email,FullName,Birthday,CharacterName,CharacterAge,Health,XP,Copper,,,,,
esowthcote0,lC6*oMFhAIOY,esowthcote0@freewebs.com,Dru Jacquest,1983-12-22,Estrellita Sowthcote,45,6,116,23,,,," (N'esowthcote0', N'lC6*oMFhAIOY', N'esowthcote0@freewebs.com',N'Dru Jacquest',N'1983-12-22',N'Estrellita Sowthcote',N'45',N'6',N'116',N'23'),",1983-12-22
plampl1,tF3/*Kr6Ak0RF,plampl1@dropbox.com,Mordecai Ellor,2010-01-01,Port Lampl,82,7,170,55,,,," (N'plampl1', N'tF3/*Kr6Ak0RF', N'plampl1@dropbox.com',N'Mordecai Ellor',N'2010-01-01',N'Port Lampl',N'82',N'7',N'170',N'55'),",2010-01-01
aposen2,hC5?/0w%hT%,aposen2@sciencedirect.com,Auria Penwright,1991-03-01,Alexina Posen,70,3,55,74,,,," (N'aposen2', N'hC5?/0w%hT%', N'aposen2@sciencedirect.com',N'Auria Penwright',N'1991-03-01',N'Alexina Posen',N'70',N'3',N'55',N'74'),",1991-03-01
kberinger3,dN3|L/ER41gf@,kberinger3@berkeley.edu,Benedicta Olivelli,2006-09-22,Kit Beringer,8,7,61,45,,,," (N'kberinger3', N'dN3|L/ER41gf@', N'kberinger3@berkeley.edu',N'Benedicta Olivelli',N'2006-09-22',N'Kit Beringer',N'8',N'7',N'61',N'45'),",2006-09-22
pandriolli4,rC1_oG\LJ8,pandriolli4@t-online.de,Erin Giorgiutti,1980-03-08,Purcell Andriolli,64,5,100,54,,,," (N'pandriolli4', N'rC1_oG\LJ8', N'pandriolli4@t-online.de',N'Erin Giorgiutti',N'1980-03-08',N'Purcell Andriolli',N'64',N'5',N'100',N'54'),",1980-03-08
pwordesworth5,aA5+RaaR+T,pwordesworth5@howstuffworks.com,Stafford Goldstone,1999-07-17,Pip Wordesworth,4,3,118,87,,,," (N'pwordesworth5', N'aA5+RaaR+T', N'pwordesworth5@howstuffworks.com',N'Stafford Goldstone',N'1999-07-17',N'Pip Wordesworth',N'4',N'3',N'118',N'87'),",1999-07-17
btrask6,zN2)87'&Ye,btrask6@ed.gov,Remy Chasle,1986-01-07,Broderic Trask,60,8,128,78,,,," (N'btrask6', N'zN2)87'&Ye', N'btrask6@ed.gov',N'Remy Chasle',N'1986-01-07',N'Broderic Trask',N'60',N'8',N'128',N'78'),",1986-01-07
ebelchamp7,sW3/VolU,ebelchamp7@cmu.edu,Dorian Greenhalgh,1996-01-16,Estelle Belchamp,45,8,94,3,,,," (N'ebelchamp7', N'sW3/VolU', N'ebelchamp7@cmu.edu',N'Dorian Greenhalgh',N'1996-01-16',N'Estelle Belchamp',N'45',N'8',N'94',N'3'),",1996-01-16
adiamant8,"yQ5's&'r,+",adiamant8@wikipedia.org,Brook Androletti,2006-12-21,Alister Diamant,83,5,22,62,,,," (N'adiamant8', N'yQ5's&'r,+', N'adiamant8@wikipedia.org',N'Brook Androletti',N'2006-12-21',N'Alister Diamant',N'83',N'5',N'22',N'62'),",2006-12-21
mtym9,bL0&BQb9REJg7*,mtym9@addthis.com,Bendix Shankle,2017-01-27,Marleah Tym,84,5,37,44,,,," (N'mtym9', N'bL0&BQb9REJg7*', N'mtym9@addthis.com',N'Bendix Shankle',N'2017-01-27',N'Marleah Tym',N'84',N'5',N'37',N'44'),",2017-01-27
tnatona,"gH6',dCcL~pgsf",tnatona@vistaprint.com,Matthieu Buick,2006-02-12,Torrey Naton,69,5,164,94,,,," (N'tnatona', N'gH6',dCcL~pgsf', N'tnatona@vistaprint.com',N'Matthieu Buick',N'2006-02-12',N'Torrey Naton',N'69',N'5',N'164',N'94'),",2006-02-12
tkhadirb,pI7`GK#7,tkhadirb@google.ca,Ryun Mityashev,1982-03-02,Temple Khadir,91,5,151,91,,,," (N'tkhadirb', N'pI7`GK#7', N'tkhadirb@google.ca',N'Ryun Mityashev',N'1982-03-02',N'Temple Khadir',N'91',N'5',N'151',N'91'),",1982-03-02
rwhitwhamc,jU3$gFG>iL)V,rwhitwhamc@domainmarket.com,Joycelin Spat,2018-04-07,Rube Whitwham,94,3,127,94,,,," (N'rwhitwhamc', N'jU3$gFG>iL)V', N'rwhitwhamc@domainmarket.com',N'Joycelin Spat',N'2018-04-07',N'Rube Whitwham',N'94',N'3',N'127',N'94'),",2018-04-07
jleftridged,vK9!Mdhz7#Yfj*s,jleftridged@skype.com,Thorpe Birtwistle,2003-01-14,Jess Leftridge,86,3,48,95,,,," (N'jleftridged', N'vK9!Mdhz7#Yfj*s', N'jleftridged@skype.com',N'Thorpe Birtwistle',N'2003-01-14',N'Jess Leftridge',N'86',N'3',N'48',N'95'),",2003-01-14
pschneidare,fL1.R#|7Q\,pschneidare@usda.gov,Bayard Eastam,2012-11-14,Prisca Schneidar,16,4,166,90,,,," (N'pschneidare', N'fL1.R#|7Q\', N'pschneidare@usda.gov',N'Bayard Eastam',N'2012-11-14',N'Prisca Schneidar',N'16',N'4',N'166',N'90'),",2012-11-14
dnowellf,zN7=s93!,dnowellf@elpais.com,Nicoli Bamborough,2009-03-26,Devlin Nowell,96,3,120,67,,,," (N'dnowellf', N'zN7=s93!', N'dnowellf@elpais.com',N'Nicoli Bamborough',N'2009-03-26',N'Devlin Nowell',N'96',N'3',N'120',N'67'),",2009-03-26
ldalgleishg,jO1!YjmBxK!JGZR!,ldalgleishg@japanpost.jp,Van Joddens,2009-08-13,Linette Dalgleish,15,7,38,99,,,," (N'ldalgleishg', N'jO1!YjmBxK!JGZR!', N'ldalgleishg@japanpost.jp',N'Van Joddens',N'2009-08-13',N'Linette Dalgleish',N'15',N'7',N'38',N'99'),",2009-08-13
syakovichh,"tJ2?Az9m5""2j##s",syakovichh@utexas.edu,Starr Pugsley,2004-03-02,Sigismond Yakovich,70,6,65,34,,,," (N'syakovichh', N'tJ2?Az9m5""2j##s', N'syakovichh@utexas.edu',N'Starr Pugsley',N'2004-03-02',N'Sigismond Yakovich',N'70',N'6',N'65',N'34'),",2004-03-02
jphetheani,"mA6<Wk,~&N=TX!3",jphetheani@people.com.cn,Legra Mudle,2003-01-08,Jareb Phethean,69,7,168,67,,,," (N'jphetheani', N'mA6<Wk,~&N=TX!3', N'jphetheani@people.com.cn',N'Legra Mudle',N'2003-01-08',N'Jareb Phethean',N'69',N'7',N'168',N'67'),",2003-01-08
nkiddyej,vP9}>PB%~,nkiddyej@cpanel.net,Corenda Oluwatoyin,2011-02-21,Nyssa Kiddye,39,7,72,53,,,," (N'nkiddyej', N'vP9}>PB%~', N'nkiddyej@cpanel.net',N'Corenda Oluwatoyin',N'2011-02-21',N'Nyssa Kiddye',N'39',N'7',N'72',N'53'),",2011-02-21
ncowdreyk,yO1((d{FYJ<AIg,ncowdreyk@t.co,Ladonna Merrigan,2001-10-26,Nani Cowdrey,64,6,53,4,,,," (N'ncowdreyk', N'yO1((d{FYJ<AIg', N'ncowdreyk@t.co',N'Ladonna Merrigan',N'2001-10-26',N'Nani Cowdrey',N'64',N'6',N'53',N'4'),",2001-10-26
sbrissendenl,hR8{pH%pSlr@G+8,sbrissendenl@globo.com,Lottie Wasson,1996-04-29,Sheppard Brissenden,81,6,96,33,,,," (N'sbrissendenl', N'hR8{pH%pSlr@G+8', N'sbrissendenl@globo.com',N'Lottie Wasson',N'1996-04-29',N'Sheppard Brissenden',N'81',N'6',N'96',N'33'),",1996-04-29
slewsym,hH5<\4!2UF#,slewsym@etsy.com,Darcy Earsman,1981-08-07,Skippie Lewsy,98,3,127,39,,,," (N'slewsym', N'hH5<\4!2UF#', N'slewsym@etsy.com',N'Darcy Earsman',N'1981-08-07',N'Skippie Lewsy',N'98',N'3',N'127',N'39'),",1981-08-07
ptannn,fR7*.qPd#I|P/,ptannn@telegraph.co.uk,Nari Larter,1990-04-23,Phillipe Tann,95,7,95,22,,,," (N'ptannn', N'fR7*.qPd#I|P/', N'ptannn@telegraph.co.uk',N'Nari Larter',N'1990-04-23',N'Phillipe Tann',N'95',N'7',N'95',N'22'),",1990-04-23
bmartinollio,hV5.`I{D%t>,bmartinollio@nationalgeographic.com,Karrie Fitch,2000-01-10,Barclay Martinolli,82,7,166,98,,,," (N'bmartinollio', N'hV5.`I{D%t>', N'bmartinollio@nationalgeographic.com',N'Karrie Fitch',N'2000-01-10',N'Barclay Martinolli',N'82',N'7',N'166',N'98'),",2000-01-10
egillicep,"hJ5?KYVOIGvD,y",egillicep@gizmodo.com,Tobye Gavan,1985-10-16,Ethan Gillice,79,6,158,88,,,," (N'egillicep', N'hJ5?KYVOIGvD,y', N'egillicep@gizmodo.com',N'Tobye Gavan',N'1985-10-16',N'Ethan Gillice',N'79',N'6',N'158',N'88'),",1985-10-16
ekestleq,kB1{/M{1e+pJU$V>,ekestleq@ovh.net,Dominica Volante,1994-10-24,Early Kestle,42,4,77,32,,,," (N'ekestleq', N'kB1{/M{1e+pJU$V>', N'ekestleq@ovh.net',N'Dominica Volante',N'1994-10-24',N'Early Kestle',N'42',N'4',N'77',N'32'),",1994-10-24
dwardenr,qH5@ouh`wW,dwardenr@bandcamp.com,Hermie Kubek,2004-09-18,Donnie Warden,23,6,139,88,,,," (N'dwardenr', N'qH5@ouh`wW', N'dwardenr@bandcamp.com',N'Hermie Kubek',N'2004-09-18',N'Donnie Warden',N'23',N'6',N'139',N'88'),",2004-09-18
sternes,eV4?tYB#,sternes@npr.org,Giavani Sysland,2012-10-27,Silvano Terne,83,7,184,77,,,," (N'sternes', N'eV4?tYB#', N'sternes@npr.org',N'Giavani Sysland',N'2012-10-27',N'Silvano Terne',N'83',N'7',N'184',N'77'),",2012-10-27
chalwellt,iY9?e3GG/K9bN$,chalwellt@techcrunch.com,Philippa Echallier,1984-11-01,Carter Halwell,4,8,184,5,,,," (N'chalwellt', N'iY9?e3GG/K9bN$', N'chalwellt@techcrunch.com',N'Philippa Echallier',N'1984-11-01',N'Carter Halwell',N'4',N'8',N'184',N'5'),",1984-11-01
atrippacku,yR6>Uvz\J`sM,atrippacku@hc360.com,Alfreda Borrie,1987-02-18,Anthe Trippack,95,3,163,6,,,," (N'atrippacku', N'yR6>Uvz\J`sM', N'atrippacku@hc360.com',N'Alfreda Borrie',N'1987-02-18',N'Anthe Trippack',N'95',N'3',N'163',N'6'),",1987-02-18
hdriversv,vY8|'T1HO|WKt,hdriversv@umn.edu,Wilek Cashin,1994-03-22,Heidie Drivers,89,6,52,49,,,," (N'hdriversv', N'vY8|'T1HO|WKt', N'hdriversv@umn.edu',N'Wilek Cashin',N'1994-03-22',N'Heidie Drivers',N'89',N'6',N'52',N'49'),",1994-03-22
sbremmellw,uM8%0M<&8|`<'HK,sbremmellw@i2i.jp,Leah Twohig,2017-02-10,Sofia Bremmell,61,3,69,72,,,," (N'sbremmellw', N'uM8%0M<&8|`<'HK', N'sbremmellw@i2i.jp',N'Leah Twohig',N'2017-02-10',N'Sofia Bremmell',N'61',N'3',N'69',N'72'),",2017-02-10
dbantonx,lA0_<L9faqZ,dbantonx@yellowpages.com,Ardis Mannock,2004-08-08,Deni Banton,23,8,131,80,,,," (N'dbantonx', N'lA0_<L9faqZ', N'dbantonx@yellowpages.com',N'Ardis Mannock',N'2004-08-08',N'Deni Banton',N'23',N'8',N'131',N'80'),",2004-08-08
bharrismithy,eZ8}|=M$I*x6,bharrismithy@opensource.org,Kiah Weond,1994-06-13,Bessy Harrismith,78,4,176,45,,,," (N'bharrismithy', N'eZ8}|=M$I*x6', N'bharrismithy@opensource.org',N'Kiah Weond',N'1994-06-13',N'Bessy Harrismith',N'78',N'4',N'176',N'45'),",1994-06-13
acicceralez,sH3'sV83~jU8s,acicceralez@auda.org.au,Bailey Houlworth,2017-12-14,Alleen Ciccerale,99,7,47,97,,,," (N'acicceralez', N'sH3'sV83~jU8s', N'acicceralez@auda.org.au',N'Bailey Houlworth',N'2017-12-14',N'Alleen Ciccerale',N'99',N'7',N'47',N'97'),",2017-12-14
grawlcliffe10,"dD9_UV,Kp4f'8T+!",grawlcliffe10@shinystat.com,Mareah Denial,2005-07-12,Galvin Rawlcliffe,81,5,68,40,,,," (N'grawlcliffe10', N'dD9_UV,Kp4f'8T+!', N'grawlcliffe10@shinystat.com',N'Mareah Denial',N'2005-07-12',N'Galvin Rawlcliffe',N'81',N'5',N'68',N'40'),",2005-07-12
dcarlow11,"eK3'9?_N4""9@%",dcarlow11@a8.net,Early Dowdell,1987-02-19,Doro Carlow,30,7,149,77,,,," (N'dcarlow11', N'eK3'9?_N4""9@%', N'dcarlow11@a8.net',N'Early Dowdell',N'1987-02-19',N'Doro Carlow',N'30',N'7',N'149',N'77'),",1987-02-19
eskeffington12,"mM4""M8Ve<'n`_",eskeffington12@yandex.ru,Sherry Picopp,2002-02-13,Emmanuel Skeffington,72,4,69,2,,,," (N'eskeffington12', N'mM4""M8Ve<'n`_', N'eskeffington12@yandex.ru',N'Sherry Picopp',N'2002-02-13',N'Emmanuel Skeffington',N'72',N'4',N'69',N'2'),",2002-02-13
btuley13,yX7.goH+XnY,btuley13@twitpic.com,Benny Dobney,2016-04-08,Byram Tuley,53,8,70,54,,,," (N'btuley13', N'yX7.goH+XnY', N'btuley13@twitpic.com',N'Benny Dobney',N'2016-04-08',N'Byram Tuley',N'53',N'8',N'70',N'54'),",2016-04-08
gebden14,eH5!!xDOj,gebden14@google.de,Sean Osgood,1996-02-28,Gilligan Ebden,58,5,22,34,,,," (N'gebden14', N'eH5!!xDOj', N'gebden14@google.de',N'Sean Osgood',N'1996-02-28',N'Gilligan Ebden',N'58',N'5',N'22',N'34'),",1996-02-28
phemshall15,"iB7,C#vQ4VGVK2tE",phemshall15@i2i.jp,Tedman Blaine,1991-10-15,Pier Hemshall,97,8,139,81,,,," (N'phemshall15', N'iB7,C#vQ4VGVK2tE', N'phemshall15@i2i.jp',N'Tedman Blaine',N'1991-10-15',N'Pier Hemshall',N'97',N'8',N'139',N'81'),",1991-10-15
thunnam16,iS2~D{'~(n3\I,thunnam16@google.fr,Gregory Twopenny,1983-12-28,Thedric Hunnam,46,8,195,73,,,," (N'thunnam16', N'iS2~D{'~(n3\I', N'thunnam16@google.fr',N'Gregory Twopenny',N'1983-12-28',N'Thedric Hunnam',N'46',N'8',N'195',N'73'),",1983-12-28
jaddionisio17,jX7.lFKo,jaddionisio17@a8.net,Kendell Huntress,1984-01-02,Johny Addionisio,25,6,71,68,,,," (N'jaddionisio17', N'jX7.lFKo', N'jaddionisio17@a8.net',N'Kendell Huntress',N'1984-01-02',N'Johny Addionisio',N'25',N'6',N'71',N'68'),",1984-01-02
lshenton18,yL5#zU1*U(Z`axY0,lshenton18@bloglines.com,Malvin Brydone,2012-08-18,Lyndy Shenton,51,5,147,4,,,," (N'lshenton18', N'yL5#zU1*U(Z`axY0', N'lshenton18@bloglines.com',N'Malvin Brydone',N'2012-08-18',N'Lyndy Shenton',N'51',N'5',N'147',N'4'),",2012-08-18
sashe19,"cW8@yG0""l0M",sashe19@parallels.com,Mara Eliff,2004-05-20,Salim Ashe,27,8,141,29,,,," (N'sashe19', N'cW8@yG0""l0M', N'sashe19@parallels.com',N'Mara Eliff',N'2004-05-20',N'Salim Ashe',N'27',N'8',N'141',N'29'),",2004-05-20
tchurchman1a,mK9>Ab('p,tchurchman1a@berkeley.edu,Carin Grimsdyke,2005-06-24,Terri Churchman,35,3,61,60,,,," (N'tchurchman1a', N'mK9>Ab('p', N'tchurchman1a@berkeley.edu',N'Carin Grimsdyke',N'2005-06-24',N'Terri Churchman',N'35',N'3',N'61',N'60'),",2005-06-24
hgurg1b,dL4$arUtaqk$W2JR,hgurg1b@nature.com,Buckie O'Rourke,2009-10-24,Harwell Gurg,33,4,67,28,,,," (N'hgurg1b', N'dL4$arUtaqk$W2JR', N'hgurg1b@nature.com',N'Buckie O'Rourke',N'2009-10-24',N'Harwell Gurg',N'33',N'4',N'67',N'28'),",2009-10-24
astollenwerck1c,xT6+_$~'6Z,astollenwerck1c@aboutads.info,Bail Boodle,2008-10-06,Akim Stollenwerck,29,3,114,99,,,," (N'astollenwerck1c', N'xT6+_$~'6Z', N'astollenwerck1c@aboutads.info',N'Bail Boodle',N'2008-10-06',N'Akim Stollenwerck',N'29',N'3',N'114',N'99'),",2008-10-06
rcarlisso1d,nR9&f1``oAQy8v|,rcarlisso1d@globo.com,Gwendolyn Ballinghall,1983-01-27,Rayshell Carlisso,26,6,90,74,,,," (N'rcarlisso1d', N'nR9&f1``oAQy8v|', N'rcarlisso1d@globo.com',N'Gwendolyn Ballinghall',N'1983-01-27',N'Rayshell Carlisso',N'26',N'6',N'90',N'74'),",1983-01-27
cdroghan1e,lU3/A|>sQkW8,cdroghan1e@wunderground.com,Roana Defont,2008-12-26,Cristen Droghan,1,4,89,45,,,," (N'cdroghan1e', N'lU3/A|>sQkW8', N'cdroghan1e@wunderground.com',N'Roana Defont',N'2008-12-26',N'Cristen Droghan',N'1',N'4',N'89',N'45'),",2008-12-26
yfavill1f,pI0~`|'x)u,yfavill1f@webs.com,Becki Cavan,1983-10-17,Ysabel Favill,43,8,113,98,,,," (N'yfavill1f', N'pI0~`|'x)u', N'yfavill1f@webs.com',N'Becki Cavan',N'1983-10-17',N'Ysabel Favill',N'43',N'8',N'113',N'98'),",1983-10-17
nbransom1g,"oR9|{UjU,u""&",nbransom1g@tinyurl.com,Sisely Tew,1983-07-24,Nisse Bransom,44,6,62,77,,,," (N'nbransom1g', N'oR9|{UjU,u""&', N'nbransom1g@tinyurl.com',N'Sisely Tew',N'1983-07-24',N'Nisse Bransom',N'44',N'6',N'62',N'77'),",1983-07-24
rmcgrae1h,mU7|qjgO<,rmcgrae1h@hp.com,Pete Bengtsen,1992-06-16,Rick McGrae,20,4,37,29,,,," (N'rmcgrae1h', N'mU7|qjgO<', N'rmcgrae1h@hp.com',N'Pete Bengtsen',N'1992-06-16',N'Rick McGrae',N'20',N'4',N'37',N'29'),",1992-06-16
bdrayson1i,uE7)fb#sI<gcmf<,bdrayson1i@ovh.net,Burke Terbruggen,2017-08-22,Bartolomeo Drayson,15,6,101,57,,,," (N'bdrayson1i', N'uE7)fb#sI<gcmf<', N'bdrayson1i@ovh.net',N'Burke Terbruggen',N'2017-08-22',N'Bartolomeo Drayson',N'15',N'6',N'101',N'57'),",2017-08-22
lkingsman1j,"hK1""~uFr",lkingsman1j@taobao.com,Robby Cranton,1998-06-01,Lavena Kingsman,67,3,151,22,,,," (N'lkingsman1j', N'hK1""~uFr', N'lkingsman1j@taobao.com',N'Robby Cranton',N'1998-06-01',N'Lavena Kingsman',N'67',N'3',N'151',N'22'),",1998-06-01
hceaser1k,zF1|C+6bG,hceaser1k@creativecommons.org,Waly Platts,1998-05-12,Hunfredo Ceaser,83,5,149,97,,,," (N'hceaser1k', N'zF1|C+6bG', N'hceaser1k@creativecommons.org',N'Waly Platts',N'1998-05-12',N'Hunfredo Ceaser',N'83',N'5',N'149',N'97'),",1998-05-12
hsizeland1l,"gP8},&K#",hsizeland1l@bloglines.com,Pasquale Grumley,2014-08-08,Hobard Sizeland,16,7,132,37,,,," (N'hsizeland1l', N'gP8},&K#', N'hsizeland1l@bloglines.com',N'Pasquale Grumley',N'2014-08-08',N'Hobard Sizeland',N'16',N'7',N'132',N'37'),",2014-08-08
nmanilo1m,yO1*L2>_/0Ef,nmanilo1m@yellowpages.com,Michelle Frosch,1996-10-27,Nefen Manilo,46,3,17,98,,,," (N'nmanilo1m', N'yO1*L2>_/0Ef', N'nmanilo1m@yellowpages.com',N'Michelle Frosch',N'1996-10-27',N'Nefen Manilo',N'46',N'3',N'17',N'98'),",1996-10-27
mpeete1n,uI2$AlYwQSI\~tk,mpeete1n@cnet.com,Burty Abden,2007-07-24,Marylinda Peete,76,7,19,1,,,," (N'mpeete1n', N'uI2$AlYwQSI\~tk', N'mpeete1n@cnet.com',N'Burty Abden',N'2007-07-24',N'Marylinda Peete',N'76',N'7',N'19',N'1'),",2007-07-24
tatty1o,yS6(1*gjGJ,tatty1o@geocities.jp,Vinita Pepon,2017-10-17,Tonie Atty,57,7,159,64,,,," (N'tatty1o', N'yS6(1*gjGJ', N'tatty1o@geocities.jp',N'Vinita Pepon',N'2017-10-17',N'Tonie Atty',N'57',N'7',N'159',N'64'),",2017-10-17
bboustred1p,"fT2%B5""?Jn",bboustred1p@hp.com,Fransisco Jencey,2012-05-16,Brinna Boustred,77,8,68,19,,,," (N'bboustred1p', N'fT2%B5""?Jn', N'bboustred1p@hp.com',N'Fransisco Jencey',N'2012-05-16',N'Brinna Boustred',N'77',N'8',N'68',N'19'),",2012-05-16
ltonbye1q,gT9'$1x2kmBt@S(3,ltonbye1q@yahoo.co.jp,Dominic Tytcomb,2003-06-10,Lilith Tonbye,5,6,41,61,,,," (N'ltonbye1q', N'gT9'$1x2kmBt@S(3', N'ltonbye1q@yahoo.co.jp',N'Dominic Tytcomb',N'2003-06-10',N'Lilith Tonbye',N'5',N'6',N'41',N'61'),",2003-06-10
bpavlenkov1r,"nZ0""AA@,vR8<",bpavlenkov1r@uol.com.br,Roley Grotty,2010-12-20,Bertie Pavlenkov,5,4,80,31,,,," (N'bpavlenkov1r', N'nZ0""AA@,vR8<', N'bpavlenkov1r@uol.com.br',N'Roley Grotty',N'2010-12-20',N'Bertie Pavlenkov',N'5',N'4',N'80',N'31'),",2010-12-20
hshaughnessy1s,zQ1`d3T_|}Ig,hshaughnessy1s@imgur.com,Dodie Cappel,2012-11-07,Hetty Shaughnessy,45,7,76,42,,,," (N'hshaughnessy1s', N'zQ1`d3T_|}Ig', N'hshaughnessy1s@imgur.com',N'Dodie Cappel',N'2012-11-07',N'Hetty Shaughnessy',N'45',N'7',N'76',N'42'),",2012-11-07
kjiranek1t,bH6{m(!F#w8lC,kjiranek1t@github.com,Kacy O'Kynsillaghe,2010-08-28,Karel Jiranek,26,7,74,5,,,," (N'kjiranek1t', N'bH6{m(!F#w8lC', N'kjiranek1t@github.com',N'Kacy O'Kynsillaghe',N'2010-08-28',N'Karel Jiranek',N'26',N'7',N'74',N'5'),",2010-08-28
mguillotin1u,lL6*3dC7XsM<K,mguillotin1u@symantec.com,Chryste Gosker,1991-12-29,Minerva Guillotin,59,4,178,82,,,," (N'mguillotin1u', N'lL6*3dC7XsM<K', N'mguillotin1u@symantec.com',N'Chryste Gosker',N'1991-12-29',N'Minerva Guillotin',N'59',N'4',N'178',N'82'),",1991-12-29
ovasilkov1v,lU4%1eKRPhb5z%Bw,ovasilkov1v@jiathis.com,Milty Cousen,1998-02-04,Oliviero Vasilkov,36,8,73,6,,,," (N'ovasilkov1v', N'lU4%1eKRPhb5z%Bw', N'ovasilkov1v@jiathis.com',N'Milty Cousen',N'1998-02-04',N'Oliviero Vasilkov',N'36',N'8',N'73',N'6'),",1998-02-04
sraeside1w,"mE2}AnB9,#}7|e",sraeside1w@geocities.jp,Izaak Ahren,1996-05-28,Sayers Raeside,99,6,165,99,,,," (N'sraeside1w', N'mE2}AnB9,#}7|e', N'sraeside1w@geocities.jp',N'Izaak Ahren',N'1996-05-28',N'Sayers Raeside',N'99',N'6',N'165',N'99'),",1996-05-28
moduggan1x,uD3`CF>p*u,moduggan1x@prnewswire.com,Kaleena Aleksandrov,1986-04-20,Marilee O'Duggan,69,3,155,59,,,," (N'moduggan1x', N'uD3`CF>p*u', N'moduggan1x@prnewswire.com',N'Kaleena Aleksandrov',N'1986-04-20',N'Marilee O'Duggan',N'69',N'3',N'155',N'59'),",1986-04-20
klouthe1y,"iY0,j~Za)hZQm",klouthe1y@prweb.com,Rafaelita Ottley,2001-12-06,Kassandra Louthe,2,6,133,2,,,," (N'klouthe1y', N'iY0,j~Za)hZQm', N'klouthe1y@prweb.com',N'Rafaelita Ottley',N'2001-12-06',N'Kassandra Louthe',N'2',N'6',N'133',N'2'),",2001-12-06
jdemeza1z,wS5.6l$J,jdemeza1z@wordpress.org,Karoly Deeble,2011-06-25,Jannel Demeza,40,5,109,38,,,," (N'jdemeza1z', N'wS5.6l$J', N'jdemeza1z@wordpress.org',N'Karoly Deeble',N'2011-06-25',N'Jannel Demeza',N'40',N'5',N'109',N'38'),",2011-06-25
fknewstub20,fK7#jaDM>svnua`f,fknewstub20@live.com,Dari Bysshe,2007-11-26,Field Knewstub,44,3,69,9,,,," (N'fknewstub20', N'fK7#jaDM>svnua`f', N'fknewstub20@live.com',N'Dari Bysshe',N'2007-11-26',N'Field Knewstub',N'44',N'3',N'69',N'9'),",2007-11-26
njoliffe21,"dH7{HUs""",njoliffe21@lulu.com,Maggi Bolingbroke,1999-02-03,Norton Joliffe,35,3,30,53,,,," (N'njoliffe21', N'dH7{HUs""', N'njoliffe21@lulu.com',N'Maggi Bolingbroke',N'1999-02-03',N'Norton Joliffe',N'35',N'3',N'30',N'53'),",1999-02-03
mskillicorn22,vP1@m}2t%uG,mskillicorn22@unblog.fr,Maribeth Crimin,1981-08-26,Marshall Skillicorn,76,4,42,23,,,," (N'mskillicorn22', N'vP1@m}2t%uG', N'mskillicorn22@unblog.fr',N'Maribeth Crimin',N'1981-08-26',N'Marshall Skillicorn',N'76',N'4',N'42',N'23'),",1981-08-26
mbrentnall23,"zU3',>U>nmm",mbrentnall23@cbsnews.com,Mort Bexon,2001-06-17,Maribeth Brentnall,63,3,138,73,,,," (N'mbrentnall23', N'zU3',>U>nmm', N'mbrentnall23@cbsnews.com',N'Mort Bexon',N'2001-06-17',N'Maribeth Brentnall',N'63',N'3',N'138',N'73'),",2001-06-17
dhendrich24,eM1$W8l7eO@9z'8,dhendrich24@rakuten.co.jp,Sharyl Somerfield,1985-01-18,Dolores Hendrich,2,5,68,88,,,," (N'dhendrich24', N'eM1$W8l7eO@9z'8', N'dhendrich24@rakuten.co.jp',N'Sharyl Somerfield',N'1985-01-18',N'Dolores Hendrich',N'2',N'5',N'68',N'88'),",1985-01-18
fmerkel25,iR9.a.O7|.,fmerkel25@chronoengine.com,Viviyan Hawton,2012-09-07,Flor Merkel,4,7,115,85,,,," (N'fmerkel25', N'iR9.a.O7|.', N'fmerkel25@chronoengine.com',N'Viviyan Hawton',N'2012-09-07',N'Flor Merkel',N'4',N'7',N'115',N'85'),",2012-09-07
pde26,"jX3*6cA4bum=,M",pde26@ezinearticles.com,Conan Mitie,1997-01-25,Padraic De Cristoforo,58,7,125,86,,,," (N'pde26', N'jX3*6cA4bum=,M', N'pde26@ezinearticles.com',N'Conan Mitie',N'1997-01-25',N'Padraic De Cristoforo',N'58',N'7',N'125',N'86'),",1997-01-25
afrise27,vG0~32EW,afrise27@youku.com,Scarface Crosgrove,1996-11-09,Aloise Frise,41,4,197,95,,,," (N'afrise27', N'vG0~32EW', N'afrise27@youku.com',N'Scarface Crosgrove',N'1996-11-09',N'Aloise Frise',N'41',N'4',N'197',N'95'),",1996-11-09
fnoor28,dB5%.{72N,fnoor28@techcrunch.com,Morgen Drew,2004-09-11,Fancy Noor,19,8,65,82,,,," (N'fnoor28', N'dB5%.{72N', N'fnoor28@techcrunch.com',N'Morgen Drew',N'2004-09-11',N'Fancy Noor',N'19',N'8',N'65',N'82'),",2004-09-11
gfelmingham29,wS7+Qi#kkmG,gfelmingham29@123-reg.co.uk,Rudyard Segge,1980-04-11,Garik Felmingham,82,6,71,76,,,," (N'gfelmingham29', N'wS7+Qi#kkmG', N'gfelmingham29@123-reg.co.uk',N'Rudyard Segge',N'1980-04-11',N'Garik Felmingham',N'82',N'6',N'71',N'76'),",1980-04-11
selmhurst2a,rB5$7k8+RT,selmhurst2a@theguardian.com,Arabella Ainley,1987-07-31,Salvatore Elmhurst,28,3,135,93,,,," (N'selmhurst2a', N'rB5$7k8+RT', N'selmhurst2a@theguardian.com',N'Arabella Ainley',N'1987-07-31',N'Salvatore Elmhurst',N'28',N'3',N'135',N'93'),",1987-07-31
bcassie2b,"kE3*OK,G",bcassie2b@chicagotribune.com,Kile Gauntley,2001-01-30,Barbaraanne Cassie,93,5,156,86,,,," (N'bcassie2b', N'kE3*OK,G', N'bcassie2b@chicagotribune.com',N'Kile Gauntley',N'2001-01-30',N'Barbaraanne Cassie',N'93',N'5',N'156',N'86'),",2001-01-30
mlaux2c,zW7}Y`EdBwO3,mlaux2c@qq.com,Mia Methingam,1987-04-25,Mignon Laux,24,3,116,81,,,," (N'mlaux2c', N'zW7}Y`EdBwO3', N'mlaux2c@qq.com',N'Mia Methingam',N'1987-04-25',N'Mignon Laux',N'24',N'3',N'116',N'81'),",1987-04-25
jblaber2d,pL3@z%!YL#,jblaber2d@indiatimes.com,Natalya Westhead,2006-04-17,Jamie Blaber,56,3,160,3,,,," (N'jblaber2d', N'pL3@z%!YL#', N'jblaber2d@indiatimes.com',N'Natalya Westhead',N'2006-04-17',N'Jamie Blaber',N'56',N'3',N'160',N'3'),",2006-04-17
landresser2e,"oN0!k|""=tY\",landresser2e@friendfeed.com,Chrissy Attarge,1994-12-21,Lennard Andresser,3,5,106,27,,,," (N'landresser2e', N'oN0!k|""=tY\', N'landresser2e@friendfeed.com',N'Chrissy Attarge',N'1994-12-21',N'Lennard Andresser',N'3',N'5',N'106',N'27'),",1994-12-21
ugodsell2f,"cI4.Fk<,",ugodsell2f@multiply.com,Bud Langstrath,1984-09-21,Ulrich Godsell,96,4,74,50,,,," (N'ugodsell2f', N'cI4.Fk<,', N'ugodsell2f@multiply.com',N'Bud Langstrath',N'1984-09-21',N'Ulrich Godsell',N'96',N'4',N'74',N'50'),",1984-09-21
fbrisco2g,cX7#QJjd,fbrisco2g@boston.com,Abbott Musico,1993-09-15,Francklyn Brisco,32,3,129,92,,,," (N'fbrisco2g', N'cX7#QJjd', N'fbrisco2g@boston.com',N'Abbott Musico',N'1993-09-15',N'Francklyn Brisco',N'32',N'3',N'129',N'92'),",1993-09-15
lelby2h,"wD1&$B2<@APCbg|,",lelby2h@dell.com,Josias Graysmark,2013-12-12,Laetitia Elby,84,3,106,61,,,," (N'lelby2h', N'wD1&$B2<@APCbg|,', N'lelby2h@dell.com',N'Josias Graysmark',N'2013-12-12',N'Laetitia Elby',N'84',N'3',N'106',N'61'),",2013-12-12
nsoeiro2i,xF1||'$U8,nsoeiro2i@wunderground.com,Kala Legen,1988-09-19,Nertie Soeiro,75,4,34,43,,,," (N'nsoeiro2i', N'xF1||'$U8', N'nsoeiro2i@wunderground.com',N'Kala Legen',N'1988-09-19',N'Nertie Soeiro',N'75',N'4',N'34',N'43'),",1988-09-19
cchrstine2j,gH5=J_O#s,cchrstine2j@hp.com,Juanita Dearth,2007-12-15,Corabella Chrstine,85,5,98,3,,,," (N'cchrstine2j', N'gH5=J_O#s', N'cchrstine2j@hp.com',N'Juanita Dearth',N'2007-12-15',N'Corabella Chrstine',N'85',N'5',N'98',N'3'),",2007-12-15
ikitchingman2k,"aZ3""l{2'",ikitchingman2k@epa.gov,Celka Piser,2012-09-13,Ingrid Kitchingman,27,8,108,79,,,," (N'ikitchingman2k', N'aZ3""l{2'', N'ikitchingman2k@epa.gov',N'Celka Piser',N'2012-09-13',N'Ingrid Kitchingman',N'27',N'8',N'108',N'79'),",2012-09-13
rtrayte2l,lB8_`|'McgZU,rtrayte2l@symantec.com,Bidget Buttery,1992-12-27,Randee Trayte,87,3,147,97,,,," (N'rtrayte2l', N'lB8_`|'McgZU', N'rtrayte2l@symantec.com',N'Bidget Buttery',N'1992-12-27',N'Randee Trayte',N'87',N'3',N'147',N'97'),",1992-12-27
gelverston2m,xD0!uI{+nI2,gelverston2m@flickr.com,Opaline Fenne,1986-03-05,Gabe Elverston,25,7,104,31,,,," (N'gelverston2m', N'xD0!uI{+nI2', N'gelverston2m@flickr.com',N'Opaline Fenne',N'1986-03-05',N'Gabe Elverston',N'25',N'7',N'104',N'31'),",1986-03-05
cmushawe2n,cX5*ZON.,cmushawe2n@flavors.me,Cortney Eddleston,2015-08-11,Caro Mushawe,30,8,169,97,,,," (N'cmushawe2n', N'cX5*ZON.', N'cmushawe2n@flavors.me',N'Cortney Eddleston',N'2015-08-11',N'Caro Mushawe',N'30',N'8',N'169',N'97'),",2015-08-11
lgronow2o,"bX4_dm,uXZYH2Am",lgronow2o@upenn.edu,Lotte Haythorne,1981-07-24,Lyssa Gronow,82,4,193,1,,,," (N'lgronow2o', N'bX4_dm,uXZYH2Am', N'lgronow2o@upenn.edu',N'Lotte Haythorne',N'1981-07-24',N'Lyssa Gronow',N'82',N'4',N'193',N'1'),",1981-07-24
zbitterton2p,mL3\UgMd,zbitterton2p@dropbox.com,Angelita Dowsey,1990-11-15,Zahara Bitterton,21,4,86,1,,,," (N'zbitterton2p', N'mL3\UgMd', N'zbitterton2p@dropbox.com',N'Angelita Dowsey',N'1990-11-15',N'Zahara Bitterton',N'21',N'4',N'86',N'1'),",1990-11-15
ecuningham2q,"uV2$PE$,c",ecuningham2q@weebly.com,Putnem Locock,1990-12-02,Elli Cuningham,71,4,170,66,,,," (N'ecuningham2q', N'uV2$PE$,c', N'ecuningham2q@weebly.com',N'Putnem Locock',N'1990-12-02',N'Elli Cuningham',N'71',N'4',N'170',N'66'),",1990-12-02
dmattusov2r,rW5*r(rPm,dmattusov2r@adobe.com,Barbabra Chell,2005-06-05,Dur Mattusov,36,5,157,46,,,," (N'dmattusov2r', N'rW5*r(rPm', N'dmattusov2r@adobe.com',N'Barbabra Chell',N'2005-06-05',N'Dur Mattusov',N'36',N'5',N'157',N'46'),",2005-06-05
rpreedy2s,iL4&trCbg@21,rpreedy2s@squarespace.com,Jodee Brosini,1998-04-14,Richardo Preedy,54,8,139,12,,,," (N'rpreedy2s', N'iL4&trCbg@21', N'rpreedy2s@squarespace.com',N'Jodee Brosini',N'1998-04-14',N'Richardo Preedy',N'54',N'8',N'139',N'12'),",1998-04-14
rbooi2t,wH7$97J_?|,rbooi2t@rambler.ru,Meridel Linthead,2017-10-03,Rodie Booi,90,6,158,58,,,," (N'rbooi2t', N'wH7$97J_?|', N'rbooi2t@rambler.ru',N'Meridel Linthead',N'2017-10-03',N'Rodie Booi',N'90',N'6',N'158',N'58'),",2017-10-03
mcohalan2u,gN4'\No8EI`h,mcohalan2u@people.com.cn,Lucky Delacourt,1983-02-16,Mandie Cohalan,19,6,195,99,,,," (N'mcohalan2u', N'gN4'\No8EI`h', N'mcohalan2u@people.com.cn',N'Lucky Delacourt',N'1983-02-16',N'Mandie Cohalan',N'19',N'6',N'195',N'99'),",1983-02-16
rmaddern2v,tR9|)hE=8pS,rmaddern2v@msu.edu,Caryn Frail,1981-02-08,Rudolf Maddern,28,5,82,29,,,," (N'rmaddern2v', N'tR9|)hE=8pS', N'rmaddern2v@msu.edu',N'Caryn Frail',N'1981-02-08',N'Rudolf Maddern',N'28',N'5',N'82',N'29'),",1981-02-08
slynd2w,"eQ8~i""sl7rg9M",slynd2w@soundcloud.com,Zsazsa Hanniger,1988-04-15,Shaughn Lynd,20,3,169,30,,,," (N'slynd2w', N'eQ8~i""sl7rg9M', N'slynd2w@soundcloud.com',N'Zsazsa Hanniger',N'1988-04-15',N'Shaughn Lynd',N'20',N'3',N'169',N'30'),",1988-04-15
aroyce2x,uK8{(GKL,aroyce2x@sakura.ne.jp,Daveen Kemm,1987-10-28,Ashil Royce,81,6,163,72,,,," (N'aroyce2x', N'uK8{(GKL', N'aroyce2x@sakura.ne.jp',N'Daveen Kemm',N'1987-10-28',N'Ashil Royce',N'81',N'6',N'163',N'72'),",1987-10-28
dlanigan2y,sG3!UKx8Kh`c$cR,dlanigan2y@topsy.com,Anton Seebright,2009-08-09,Drusilla Lanigan,23,7,145,16,,,," (N'dlanigan2y', N'sG3!UKx8Kh`c$cR', N'dlanigan2y@topsy.com',N'Anton Seebright',N'2009-08-09',N'Drusilla Lanigan',N'23',N'7',N'145',N'16'),",2009-08-09
jaxelby2z,xQ3'|6=Pln)U,jaxelby2z@simplemachines.org,Adrienne July,1995-04-17,Janot Axelby,12,4,44,87,,,," (N'jaxelby2z', N'xQ3'|6=Pln)U', N'jaxelby2z@simplemachines.org',N'Adrienne July',N'1995-04-17',N'Janot Axelby',N'12',N'4',N'44',N'87'),",1995-04-17
afreeth30,lW2+%ymA9,afreeth30@pinterest.com,Braden Rochell,2007-01-07,Agnese Freeth,58,7,161,70,,,," (N'afreeth30', N'lW2+%ymA9', N'afreeth30@pinterest.com',N'Braden Rochell',N'2007-01-07',N'Agnese Freeth',N'58',N'7',N'161',N'70'),",2007-01-07
wlinzee31,kR1}Zcv00G,wlinzee31@irs.gov,Bevon Flobert,1997-05-02,Wallace Linzee,74,7,21,53,,,," (N'wlinzee31', N'kR1}Zcv00G', N'wlinzee31@irs.gov',N'Bevon Flobert',N'1997-05-02',N'Wallace Linzee',N'74',N'7',N'21',N'53'),",1997-05-02
llarmouth32,tZ1}KDDMOAJ,llarmouth32@blogger.com,Oby Beston,2003-06-29,Lanna Larmouth,71,5,124,92,,,," (N'llarmouth32', N'tZ1}KDDMOAJ', N'llarmouth32@blogger.com',N'Oby Beston',N'2003-06-29',N'Lanna Larmouth',N'71',N'5',N'124',N'92'),",2003-06-29
dmurkus33,qF4!gWz|3kNn6TA,dmurkus33@sciencedaily.com,Rois Cornfield,1994-07-27,Darnell Murkus,27,5,197,48,,,," (N'dmurkus33', N'qF4!gWz|3kNn6TA', N'dmurkus33@sciencedaily.com',N'Rois Cornfield',N'1994-07-27',N'Darnell Murkus',N'27',N'5',N'197',N'48'),",1994-07-27
lculp34,zO2&gdidRf99,lculp34@msn.com,Gordon Garrould,1983-03-15,Lauren Culp,12,7,90,50,,,," (N'lculp34', N'zO2&gdidRf99', N'lculp34@msn.com',N'Gordon Garrould',N'1983-03-15',N'Lauren Culp',N'12',N'7',N'90',N'50'),",1983-03-15
amuffitt35,hD5~0MZasF,amuffitt35@mac.com,Carmine Fulker,2001-05-24,Art Muffitt,56,8,93,2,,,," (N'amuffitt35', N'hD5~0MZasF', N'amuffitt35@mac.com',N'Carmine Fulker',N'2001-05-24',N'Art Muffitt',N'56',N'8',N'93',N'2'),",2001-05-24
ladamski36,hJ0@ORg4oD_~gVlt,ladamski36@businessweek.com,Quintus Rawet,2013-03-03,Lou Adamski,32,7,110,1,,,," (N'ladamski36', N'hJ0@ORg4oD_~gVlt', N'ladamski36@businessweek.com',N'Quintus Rawet',N'2013-03-03',N'Lou Adamski',N'32',N'7',N'110',N'1'),",2013-03-03
aceeley37,gI6.V\9VGqmuAb_,aceeley37@acquirethisname.com,Celesta Venditti,1983-03-21,Alric Ceeley,34,5,29,36,,,," (N'aceeley37', N'gI6.V\9VGqmuAb_', N'aceeley37@acquirethisname.com',N'Celesta Venditti',N'1983-03-21',N'Alric Ceeley',N'34',N'5',N'29',N'36'),",1983-03-21
negdell38,uT0_y?E/rb*M,negdell38@gov.uk,Tracie Cord,1985-10-18,Nanci Egdell,24,4,73,52,,,," (N'negdell38', N'uT0_y?E/rb*M', N'negdell38@gov.uk',N'Tracie Cord',N'1985-10-18',N'Nanci Egdell',N'24',N'4',N'73',N'52'),",1985-10-18
srooms39,sV7|/=W_F@b{,srooms39@studiopress.com,Townsend Howitt,2002-08-26,Seline Rooms,40,6,87,96,,,," (N'srooms39', N'sV7|/=W_F@b{', N'srooms39@studiopress.com',N'Townsend Howitt',N'2002-08-26',N'Seline Rooms',N'40',N'6',N'87',N'96'),",2002-08-26
abecraft3a,zQ7@n|zm`t+i*,abecraft3a@php.net,Justinn Kleuer,2017-01-16,Adrea Becraft,21,7,84,49,,,," (N'abecraft3a', N'zQ7@n|zm`t+i*', N'abecraft3a@php.net',N'Justinn Kleuer',N'2017-01-16',N'Adrea Becraft',N'21',N'7',N'84',N'49'),",2017-01-16
akruse3b,fH7=Bn5Y!18I,akruse3b@rediff.com,Bobby Ewbach,2001-10-10,Alexi Kruse,69,5,85,28,,,," (N'akruse3b', N'fH7=Bn5Y!18I', N'akruse3b@rediff.com',N'Bobby Ewbach',N'2001-10-10',N'Alexi Kruse',N'69',N'5',N'85',N'28'),",2001-10-10
chardaker3c,sR5&k#p=p8f,chardaker3c@harvard.edu,Teddy Hanselmann,1982-06-27,Catrina Hardaker,82,4,106,90,,,," (N'chardaker3c', N'sR5&k#p=p8f', N'chardaker3c@harvard.edu',N'Teddy Hanselmann',N'1982-06-27',N'Catrina Hardaker',N'82',N'4',N'106',N'90'),",1982-06-27
ytetla3d,tS6~bpg<HYD,ytetla3d@dailymotion.com,Knox Chesser,1992-12-12,Yehudi Tetla,49,7,83,2,,,," (N'ytetla3d', N'tS6~bpg<HYD', N'ytetla3d@dailymotion.com',N'Knox Chesser',N'1992-12-12',N'Yehudi Tetla',N'49',N'7',N'83',N'2'),",1992-12-12
jhartright3e,iR2$6stn,jhartright3e@webnode.com,Eleonore Govan,1980-10-06,Jeanette Hartright,23,8,53,26,,,," (N'jhartright3e', N'iR2$6stn', N'jhartright3e@webnode.com',N'Eleonore Govan',N'1980-10-06',N'Jeanette Hartright',N'23',N'8',N'53',N'26'),",1980-10-06
jshurrocks3f,yJ3+{ZnC,jshurrocks3f@stumbleupon.com,Joli Mc Faul,1985-11-17,Josey Shurrocks,17,6,158,55,,,," (N'jshurrocks3f', N'yJ3+{ZnC', N'jshurrocks3f@stumbleupon.com',N'Joli Mc Faul',N'1985-11-17',N'Josey Shurrocks',N'17',N'6',N'158',N'55'),",1985-11-17
mmatteoli3g,sW0%pxgz#CDhG.,mmatteoli3g@psu.edu,Ermina Vondra,2000-03-28,Maryanna Matteoli,77,4,22,4,,,," (N'mmatteoli3g', N'sW0%pxgz#CDhG.', N'mmatteoli3g@psu.edu',N'Ermina Vondra',N'2000-03-28',N'Maryanna Matteoli',N'77',N'4',N'22',N'4'),",2000-03-28
bfitzroy3h,jD9+y!b+P,bfitzroy3h@barnesandnoble.com,Balduin Byrde,2011-06-27,Bell Fitzroy,6,7,76,85,,,," (N'bfitzroy3h', N'jD9+y!b+P', N'bfitzroy3h@barnesandnoble.com',N'Balduin Byrde',N'2011-06-27',N'Bell Fitzroy',N'6',N'7',N'76',N'85'),",2011-06-27
abrandenburg3i,"fG5?4""RrC",abrandenburg3i@usda.gov,Ban Gates,1980-11-29,Adella Brandenburg,18,6,106,97,,,," (N'abrandenburg3i', N'fG5?4""RrC', N'abrandenburg3i@usda.gov',N'Ban Gates',N'1980-11-29',N'Adella Brandenburg',N'18',N'6',N'106',N'97'),",1980-11-29
bheritege3j,pE8}Nva9B5n|}Rpg,bheritege3j@boston.com,Allayne Forestall,2017-11-05,Burk Heritege,12,3,186,36,,,," (N'bheritege3j', N'pE8}Nva9B5n|}Rpg', N'bheritege3j@boston.com',N'Allayne Forestall',N'2017-11-05',N'Burk Heritege',N'12',N'3',N'186',N'36'),",2017-11-05
dgianolo3k,aS9@wO$5~I,dgianolo3k@ucsd.edu,Kaleena Gelderd,1993-05-26,Dermot Gianolo,30,4,187,91,,,," (N'dgianolo3k', N'aS9@wO$5~I', N'dgianolo3k@ucsd.edu',N'Kaleena Gelderd',N'1993-05-26',N'Dermot Gianolo',N'30',N'4',N'187',N'91'),",1993-05-26
pbaptie3l,yF2{hH/erEE,pbaptie3l@naver.com,Calida Heersma,1984-04-25,Paddie Baptie,17,8,168,55,,,," (N'pbaptie3l', N'yF2{hH/erEE', N'pbaptie3l@naver.com',N'Calida Heersma',N'1984-04-25',N'Paddie Baptie',N'17',N'8',N'168',N'55'),",1984-04-25
tbromley3m,fU3\voQG{{=4v,tbromley3m@com.com,Fergus Cesconi,1992-03-18,Trisha Bromley,94,4,94,31,,,," (N'tbromley3m', N'fU3\voQG{{=4v', N'tbromley3m@com.com',N'Fergus Cesconi',N'1992-03-18',N'Trisha Bromley',N'94',N'4',N'94',N'31'),",1992-03-18
dsycamore3n,"dM2""spD3>E'1/T",dsycamore3n@washington.edu,Ty Budcock,1998-11-26,Dione Sycamore,83,8,128,79,,,," (N'dsycamore3n', N'dM2""spD3>E'1/T', N'dsycamore3n@washington.edu',N'Ty Budcock',N'1998-11-26',N'Dione Sycamore',N'83',N'8',N'128',N'79'),",1998-11-26
hmimmack3o,fK3\#23l1iZ,hmimmack3o@uol.com.br,Melisandra Giddy,2012-05-10,Henderson Mimmack,95,7,132,74,,,," (N'hmimmack3o', N'fK3\#23l1iZ', N'hmimmack3o@uol.com.br',N'Melisandra Giddy',N'2012-05-10',N'Henderson Mimmack',N'95',N'7',N'132',N'74'),",2012-05-10
lmcian3p,"aB9""+<nJ",lmcian3p@surveymonkey.com,Carlin Everil,1995-03-27,Lazar McIan,78,8,41,71,,,," (N'lmcian3p', N'aB9""+<nJ', N'lmcian3p@surveymonkey.com',N'Carlin Everil',N'1995-03-27',N'Lazar McIan',N'78',N'8',N'41',N'71'),",1995-03-27
eokennedy3q,"fK1`,x`y",eokennedy3q@rambler.ru,Rita Simek,1989-04-03,Eal O'Kennedy,35,8,140,32,,,," (N'eokennedy3q', N'fK1`,x`y', N'eokennedy3q@rambler.ru',N'Rita Simek',N'1989-04-03',N'Eal O'Kennedy',N'35',N'8',N'140',N'32'),",1989-04-03
cstarr3r,"tL7<X&r""KVE&6d}",cstarr3r@nsw.gov.au,Jaquenette Conring,2003-10-25,Caro Starr,30,5,70,48,,,," (N'cstarr3r', N'tL7<X&r""KVE&6d}', N'cstarr3r@nsw.gov.au',N'Jaquenette Conring',N'2003-10-25',N'Caro Starr',N'30',N'5',N'70',N'48'),",2003-10-25
eewen3s,xY4*c%ZcJn8`1N,eewen3s@lycos.com,Steve Domenichelli,2002-10-06,Ertha Ewen,38,4,101,28,,,," (N'eewen3s', N'xY4*c%ZcJn8`1N', N'eewen3s@lycos.com',N'Steve Domenichelli',N'2002-10-06',N'Ertha Ewen',N'38',N'4',N'101',N'28'),",2002-10-06
kpardey3t,wL2!Kt=!j&.y,kpardey3t@lycos.com,Shane Tinmouth,1990-03-11,Kristin Pardey,15,5,78,62,,,," (N'kpardey3t', N'wL2!Kt=!j&.y', N'kpardey3t@lycos.com',N'Shane Tinmouth',N'1990-03-11',N'Kristin Pardey',N'15',N'5',N'78',N'62'),",1990-03-11
chilldrop3u,"yK2""LR)'ZJ?!&+`m",chilldrop3u@1und1.de,Whittaker Kelleway,2008-02-24,Casey Hilldrop,50,3,47,27,,,," (N'chilldrop3u', N'yK2""LR)'ZJ?!&+`m', N'chilldrop3u@1und1.de',N'Whittaker Kelleway',N'2008-02-24',N'Casey Hilldrop',N'50',N'3',N'47',N'27'),",2008-02-24
sjammet3v,hX7?TM$R8&KzAuRX,sjammet3v@blogger.com,Samuele Maleck,1982-02-15,Shantee Jammet,66,4,41,4,,,," (N'sjammet3v', N'hX7?TM$R8&KzAuRX', N'sjammet3v@blogger.com',N'Samuele Maleck',N'1982-02-15',N'Shantee Jammet',N'66',N'4',N'41',N'4'),",1982-02-15
trollins3w,uP3+h2%JZ{gB,trollins3w@ft.com,Wynne Karchowski,1999-07-23,Tami Rollins,42,6,57,43,,,," (N'trollins3w', N'uP3+h2%JZ{gB', N'trollins3w@ft.com',N'Wynne Karchowski',N'1999-07-23',N'Tami Rollins',N'42',N'6',N'57',N'43'),",1999-07-23
dantushev3x,sI3$Y)kR{z7Y{I,dantushev3x@purevolume.com,Lemmie Allwell,2018-07-06,Dame Antushev,59,5,175,96,,,," (N'dantushev3x', N'sI3$Y)kR{z7Y{I', N'dantushev3x@purevolume.com',N'Lemmie Allwell',N'2018-07-06',N'Dame Antushev',N'59',N'5',N'175',N'96'),",2018-07-06
jcann3y,cU8+{x\0,jcann3y@wunderground.com,Heddi Gowry,1994-04-22,Jorge Cann,33,5,178,75,,,," (N'jcann3y', N'cU8+{x\0', N'jcann3y@wunderground.com',N'Heddi Gowry',N'1994-04-22',N'Jorge Cann',N'33',N'5',N'178',N'75'),",1994-04-22
ggalero3z,gA1{#4g5sNi,ggalero3z@shinystat.com,Rafferty Issard,2006-01-11,Gaye Galero,42,6,182,98,,,," (N'ggalero3z', N'gA1{#4g5sNi', N'ggalero3z@shinystat.com',N'Rafferty Issard',N'2006-01-11',N'Gaye Galero',N'42',N'6',N'182',N'98'),",2006-01-11
cbremner40,"dI5`L<=5|~J""#r%",cbremner40@google.cn,Jenda Inman,1988-12-30,Chadwick Bremner,28,7,79,14,,,," (N'cbremner40', N'dI5`L<=5|~J""#r%', N'cbremner40@google.cn',N'Jenda Inman',N'1988-12-30',N'Chadwick Bremner',N'28',N'7',N'79',N'14'),",1988-12-30
asellack41,"oG6_l""YJEHVu*",asellack41@biglobe.ne.jp,Jimmy Druitt,1985-08-11,Aimee Sellack,60,3,188,92,,,," (N'asellack41', N'oG6_l""YJEHVu*', N'asellack41@biglobe.ne.jp',N'Jimmy Druitt',N'1985-08-11',N'Aimee Sellack',N'60',N'3',N'188',N'92'),",1985-08-11
blafay42,gF2)\}_%Y'q,blafay42@scientificamerican.com,Niki Junifer,1986-06-07,Barr Lafay,34,6,161,30,,,," (N'blafay42', N'gF2)\}_%Y'q', N'blafay42@scientificamerican.com',N'Niki Junifer',N'1986-06-07',N'Barr Lafay',N'34',N'6',N'161',N'30'),",1986-06-07
afinlan43,bM4(E>3Ci'A6,afinlan43@webnode.com,Theda Comar,1994-10-21,Andriana Finlan,95,7,157,45,,,," (N'afinlan43', N'bM4(E>3Ci'A6', N'afinlan43@webnode.com',N'Theda Comar',N'1994-10-21',N'Andriana Finlan',N'95',N'7',N'157',N'45'),",1994-10-21
staig44,mX6.0E}6i?U$jS)1,staig44@msu.edu,Jammie Doog,1999-12-11,Stephan Taig,67,6,63,51,,,," (N'staig44', N'mX6.0E}6i?U$jS)1', N'staig44@msu.edu',N'Jammie Doog',N'1999-12-11',N'Stephan Taig',N'67',N'6',N'63',N'51'),",1999-12-11
srabat45,aU4|s..Y?HP,srabat45@salon.com,Roberta Van der Linde,1993-08-21,Shana Rabat,31,4,160,44,,,," (N'srabat45', N'aU4|s..Y?HP', N'srabat45@salon.com',N'Roberta Van der Linde',N'1993-08-21',N'Shana Rabat',N'31',N'4',N'160',N'44'),",1993-08-21
inelson46,kE0(E#zhJ,inelson46@csmonitor.com,Frants Dicken,1999-12-10,Ingaberg Nelson,7,6,25,15,,,," (N'inelson46', N'kE0(E#zhJ', N'inelson46@csmonitor.com',N'Frants Dicken',N'1999-12-10',N'Ingaberg Nelson',N'7',N'6',N'25',N'15'),",1999-12-10
mshutler47,xT4|*Oz?,mshutler47@nps.gov,Arturo MacParland,1988-03-16,Marlena Shutler,8,6,97,87,,,," (N'mshutler47', N'xT4|*Oz?', N'mshutler47@nps.gov',N'Arturo MacParland',N'1988-03-16',N'Marlena Shutler',N'8',N'6',N'97',N'87'),",1988-03-16
dlemasney48,mK4>%g.+`jo/,dlemasney48@storify.com,Ertha Sidgwick,2016-05-24,Davon Lemasney,86,4,179,21,,,," (N'dlemasney48', N'mK4>%g.+`jo/', N'dlemasney48@storify.com',N'Ertha Sidgwick',N'2016-05-24',N'Davon Lemasney',N'86',N'4',N'179',N'21'),",2016-05-24
jbeardon49,"cM5)7wF,",jbeardon49@people.com.cn,Webster Sinden,1999-03-22,Jennica Beardon,6,7,150,73,,,," (N'jbeardon49', N'cM5)7wF,', N'jbeardon49@people.com.cn',N'Webster Sinden',N'1999-03-22',N'Jennica Beardon',N'6',N'7',N'150',N'73'),",1999-03-22
ndines4a,gH4`#/aL`lV,ndines4a@google.it,Eberto Mallalieu,1984-10-27,Ninette Dines,77,5,166,35,,,," (N'ndines4a', N'gH4`#/aL`lV', N'ndines4a@google.it',N'Eberto Mallalieu',N'1984-10-27',N'Ninette Dines',N'77',N'5',N'166',N'35'),",1984-10-27
mcompson4b,"rT8""{~vmnkx",mcompson4b@t-online.de,Kaila Bettenson,1991-02-10,Marianne Compson,56,5,192,10,,,," (N'mcompson4b', N'rT8""{~vmnkx', N'mcompson4b@t-online.de',N'Kaila Bettenson',N'1991-02-10',N'Marianne Compson',N'56',N'5',N'192',N'10'),",1991-02-10
arosbrough4c,"vM2$Hb""+""px,",arosbrough4c@hexun.com,Kitti Rathke,2016-10-06,Adolphe Rosbrough,85,7,64,7,,,," (N'arosbrough4c', N'vM2$Hb""+""px,', N'arosbrough4c@hexun.com',N'Kitti Rathke',N'2016-10-06',N'Adolphe Rosbrough',N'85',N'7',N'64',N'7'),",2016-10-06
jlidgertwood4d,aJ6?e$4Ev1,jlidgertwood4d@amazonaws.com,Winny Southern,1989-10-17,Jess Lidgertwood,82,5,112,12,,,," (N'jlidgertwood4d', N'aJ6?e$4Ev1', N'jlidgertwood4d@amazonaws.com',N'Winny Southern',N'1989-10-17',N'Jess Lidgertwood',N'82',N'5',N'112',N'12'),",1989-10-17
cbulfield4e,pW3~sjA}NUJ,cbulfield4e@phpbb.com,Merell Board,2010-07-16,Cris Bulfield,79,6,73,99,,,," (N'cbulfield4e', N'pW3~sjA}NUJ', N'cbulfield4e@phpbb.com',N'Merell Board',N'2010-07-16',N'Cris Bulfield',N'79',N'6',N'73',N'99'),",2010-07-16
yiacopo4f,vO8@3X}d1*u(v|eO,yiacopo4f@slate.com,Halie Brimacombe,2017-04-16,Yulma Iacopo,37,3,138,14,,,," (N'yiacopo4f', N'vO8@3X}d1*u(v|eO', N'yiacopo4f@slate.com',N'Halie Brimacombe',N'2017-04-16',N'Yulma Iacopo',N'37',N'3',N'138',N'14'),",2017-04-16
nbuchett4g,tU7{*HnD7nU,nbuchett4g@columbia.edu,Maurise Izsak,2004-12-20,Nataniel Buchett,99,6,172,98,,,," (N'nbuchett4g', N'tU7{*HnD7nU', N'nbuchett4g@columbia.edu',N'Maurise Izsak',N'2004-12-20',N'Nataniel Buchett',N'99',N'6',N'172',N'98'),",2004-12-20
plampe4h,oU0$COVp_mZSQre,plampe4h@cam.ac.uk,Aleece Ebbing,1982-02-03,Philomena Lampe,72,3,94,58,,,," (N'plampe4h', N'oU0$COVp_mZSQre', N'plampe4h@cam.ac.uk',N'Aleece Ebbing',N'1982-02-03',N'Philomena Lampe',N'72',N'3',N'94',N'58'),",1982-02-03
dsacco4i,"zT1*'RdMO>ZR,p,",dsacco4i@yolasite.com,Dodie Sykora,2014-01-21,Deidre Sacco,31,7,78,49,,,," (N'dsacco4i', N'zT1*'RdMO>ZR,p,', N'dsacco4i@yolasite.com',N'Dodie Sykora',N'2014-01-21',N'Deidre Sacco',N'31',N'7',N'78',N'49'),",2014-01-21
lscarlett4j,qO5_&UY<!_d<(v/g,lscarlett4j@bloglines.com,Annecorinne Selway,2015-09-07,Lenard Scarlett,71,8,55,95,,,," (N'lscarlett4j', N'qO5_&UY<!_d<(v/g', N'lscarlett4j@bloglines.com',N'Annecorinne Selway',N'2015-09-07',N'Lenard Scarlett',N'71',N'8',N'55',N'95'),",2015-09-07
ekenset4k,bR9<~/q8F(,ekenset4k@shinystat.com,Brockie Challinor,2013-01-23,Elena Kenset,64,7,48,24,,,," (N'ekenset4k', N'bR9<~/q8F(', N'ekenset4k@shinystat.com',N'Brockie Challinor',N'2013-01-23',N'Elena Kenset',N'64',N'7',N'48',N'24'),",2013-01-23
varundel4l,jA0>xkYB/V5L,varundel4l@japanpost.jp,Sutherland Backler,1986-04-15,Vin Arundel,20,8,21,85,,,," (N'varundel4l', N'jA0>xkYB/V5L', N'varundel4l@japanpost.jp',N'Sutherland Backler',N'1986-04-15',N'Vin Arundel',N'20',N'8',N'21',N'85'),",1986-04-15
afaichnie4m,eD7.J>PU,afaichnie4m@tripadvisor.com,Alexine Riceards,1981-03-22,Aymer Faichnie,19,6,196,76,,,," (N'afaichnie4m', N'eD7.J>PU', N'afaichnie4m@tripadvisor.com',N'Alexine Riceards',N'1981-03-22',N'Aymer Faichnie',N'19',N'6',N'196',N'76'),",1981-03-22
ahoyer4n,"nA5@,4}2",ahoyer4n@nsw.gov.au,Felicdad Gallichan,1984-04-23,Alana Hoyer,19,7,188,98,,,," (N'ahoyer4n', N'nA5@,4}2', N'ahoyer4n@nsw.gov.au',N'Felicdad Gallichan',N'1984-04-23',N'Alana Hoyer',N'19',N'7',N'188',N'98'),",1984-04-23
larrundale4o,aS6/ioQYgKPcH,larrundale4o@china.com.cn,Jacinta Dimitrijevic,2013-06-08,Lizette Arrundale,100,3,47,82,,,," (N'larrundale4o', N'aS6/ioQYgKPcH', N'larrundale4o@china.com.cn',N'Jacinta Dimitrijevic',N'2013-06-08',N'Lizette Arrundale',N'100',N'3',N'47',N'82'),",2013-06-08
gdalrymple4p,kI1/s_stN,gdalrymple4p@ucla.edu,Adelaide Allbones,2016-10-09,Georas Dalrymple,7,5,70,31,,,," (N'gdalrymple4p', N'kI1/s_stN', N'gdalrymple4p@ucla.edu',N'Adelaide Allbones',N'2016-10-09',N'Georas Dalrymple',N'7',N'5',N'70',N'31'),",2016-10-09
mbusch4q,"aL9.,@Nv?ZMc\",mbusch4q@seattletimes.com,Sheelah Carruthers,1982-02-17,Morlee Busch,17,3,169,58,,,," (N'mbusch4q', N'aL9.,@Nv?ZMc\', N'mbusch4q@seattletimes.com',N'Sheelah Carruthers',N'1982-02-17',N'Morlee Busch',N'17',N'3',N'169',N'58'),",1982-02-17
achurchard4r,"xE9`P""YB6",achurchard4r@prlog.org,Conchita Snarr,2004-02-07,Antonella Churchard,12,4,45,80,,,," (N'achurchard4r', N'xE9`P""YB6', N'achurchard4r@prlog.org',N'Conchita Snarr',N'2004-02-07',N'Antonella Churchard',N'12',N'4',N'45',N'80'),",2004-02-07
msiemon4s,"bB6$8""UhzW",msiemon4s@amazon.co.jp,Valentin Maseyk,1998-02-08,Morly Siemon,14,7,89,33,,,," (N'msiemon4s', N'bB6$8""UhzW', N'msiemon4s@amazon.co.jp',N'Valentin Maseyk',N'1998-02-08',N'Morly Siemon',N'14',N'7',N'89',N'33'),",1998-02-08
xleyre4t,iO4'79Mbe,xleyre4t@wikia.com,Sherri Divill,1991-03-18,Xever Leyre,95,6,137,66,,,," (N'xleyre4t', N'iO4'79Mbe', N'xleyre4t@wikia.com',N'Sherri Divill',N'1991-03-18',N'Xever Leyre',N'95',N'6',N'137',N'66'),",1991-03-18
djennions4u,yL2#}wS<,djennions4u@dailymail.co.uk,Christiane Coda,1998-10-22,Domingo Jennions,22,6,21,88,,,," (N'djennions4u', N'yL2#}wS<', N'djennions4u@dailymail.co.uk',N'Christiane Coda',N'1998-10-22',N'Domingo Jennions',N'22',N'6',N'21',N'88'),",1998-10-22
pdubber4v,vS9%9l7l,pdubber4v@google.ca,Jaquelin Kleiser,2002-09-19,Phebe Dubber,18,4,15,85,,,," (N'pdubber4v', N'vS9%9l7l', N'pdubber4v@google.ca',N'Jaquelin Kleiser',N'2002-09-19',N'Phebe Dubber',N'18',N'4',N'15',N'85'),",2002-09-19
jyounglove4w,uV0)uWy1dEgrX,jyounglove4w@intel.com,Welch Munsey,1981-08-01,Janelle Younglove,91,6,193,78,,,," (N'jyounglove4w', N'uV0)uWy1dEgrX', N'jyounglove4w@intel.com',N'Welch Munsey',N'1981-08-01',N'Janelle Younglove',N'91',N'6',N'193',N'78'),",1981-08-01
ebalmforth4x,sQ5$~@>PA.Oq8!K,ebalmforth4x@odnoklassniki.ru,Gerardo Davidek,2006-12-30,Ellswerth Balmforth,33,5,143,60,,,," (N'ebalmforth4x', N'sQ5$~@>PA.Oq8!K', N'ebalmforth4x@odnoklassniki.ru',N'Gerardo Davidek',N'2006-12-30',N'Ellswerth Balmforth',N'33',N'5',N'143',N'60'),",2006-12-30
sboston4y,vJ3+$k_aYccD?jt,sboston4y@noaa.gov,Guinevere Cuardall,1984-01-06,Skye Boston,2,3,127,23,,,," (N'sboston4y', N'vJ3+$k_aYccD?jt', N'sboston4y@noaa.gov',N'Guinevere Cuardall',N'1984-01-06',N'Skye Boston',N'2',N'3',N'127',N'23'),",1984-01-06
wmcconnulty4z,"xN5?u""lXw<",wmcconnulty4z@yolasite.com,Darci Rodolico,1988-03-13,Westley McConnulty,33,8,76,22,,,," (N'wmcconnulty4z', N'xN5?u""lXw<', N'wmcconnulty4z@yolasite.com',N'Darci Rodolico',N'1988-03-13',N'Westley McConnulty',N'33',N'8',N'76',N'22'),",1988-03-13
nleaver50,"vB3@Y+.""lDo",nleaver50@timesonline.co.uk,Whitaker Hackney,1984-09-24,Nolly Leaver,11,6,56,81,,,," (N'nleaver50', N'vB3@Y+.""lDo', N'nleaver50@timesonline.co.uk',N'Whitaker Hackney',N'1984-09-24',N'Nolly Leaver',N'11',N'6',N'56',N'81'),",1984-09-24
dtailour51,mI7&W0GSn,dtailour51@lulu.com,Ogdon Fontin,2007-01-06,Devy Tailour,8,5,139,54,,,," (N'dtailour51', N'mI7&W0GSn', N'dtailour51@lulu.com',N'Ogdon Fontin',N'2007-01-06',N'Devy Tailour',N'8',N'5',N'139',N'54'),",2007-01-06
kobey52,uO6$9tO'WIB0S},kobey52@sina.com.cn,Willabella Dominique,2000-01-22,Kamila Obey,6,8,70,7,,,," (N'kobey52', N'uO6$9tO'WIB0S}', N'kobey52@sina.com.cn',N'Willabella Dominique',N'2000-01-22',N'Kamila Obey',N'6',N'8',N'70',N'7'),",2000-01-22
bchurching53,bY6!XD8ooGLu,bchurching53@europa.eu,Marielle Schirak,1994-03-18,Brockie Churching,96,3,109,56,,,," (N'bchurching53', N'bY6!XD8ooGLu', N'bchurching53@europa.eu',N'Marielle Schirak',N'1994-03-18',N'Brockie Churching',N'96',N'3',N'109',N'56'),",1994-03-18
tcollins54,gI1+U=d&<x/owui,tcollins54@technorati.com,Dame Klimke,1989-06-07,Therine Collins,4,4,127,38,,,," (N'tcollins54', N'gI1+U=d&<x/owui', N'tcollins54@technorati.com',N'Dame Klimke',N'1989-06-07',N'Therine Collins',N'4',N'4',N'127',N'38'),",1989-06-07
lcockerell55,"rQ7{6O3s,",lcockerell55@tripadvisor.com,Larina Dunseith,2007-08-05,Lark Cockerell,84,8,163,86,,,," (N'lcockerell55', N'rQ7{6O3s,', N'lcockerell55@tripadvisor.com',N'Larina Dunseith',N'2007-08-05',N'Lark Cockerell',N'84',N'8',N'163',N'86'),",2007-08-05
lfalco56,vA2+q{.Y7UT,lfalco56@wikia.com,Fleming James,1988-03-15,Lorne Falco,44,6,174,46,,,," (N'lfalco56', N'vA2+q{.Y7UT', N'lfalco56@wikia.com',N'Fleming James',N'1988-03-15',N'Lorne Falco',N'44',N'6',N'174',N'46'),",1988-03-15
kmohammad57,"jL6""S%WiU",kmohammad57@yandex.ru,Leontine Orniz,1990-01-18,Kalila Mohammad,7,3,62,50,,,," (N'kmohammad57', N'jL6""S%WiU', N'kmohammad57@yandex.ru',N'Leontine Orniz',N'1990-01-18',N'Kalila Mohammad',N'7',N'3',N'62',N'50'),",1990-01-18
sallner58,eN7@SO2Zf?s<Oa,sallner58@usgs.gov,Adrienne Ovize,1994-03-18,Saunder Allner,81,6,90,45,,,," (N'sallner58', N'eN7@SO2Zf?s<Oa', N'sallner58@usgs.gov',N'Adrienne Ovize',N'1994-03-18',N'Saunder Allner',N'81',N'6',N'90',N'45'),",1994-03-18
ecobbing59,zQ8/\LM44ff{UI,ecobbing59@nymag.com,Lelah Andrieux,1996-06-06,Evangelin Cobbing,45,7,170,13,,,," (N'ecobbing59', N'zQ8/\LM44ff{UI', N'ecobbing59@nymag.com',N'Lelah Andrieux',N'1996-06-06',N'Evangelin Cobbing',N'45',N'7',N'170',N'13'),",1996-06-06
aedmeades5a,hV0.7NaUWphy'7k,aedmeades5a@nbcnews.com,Bar Northwood,2010-06-10,Anthony Edmeades,41,4,146,67,,,," (N'aedmeades5a', N'hV0.7NaUWphy'7k', N'aedmeades5a@nbcnews.com',N'Bar Northwood',N'2010-06-10',N'Anthony Edmeades',N'41',N'4',N'146',N'67'),",2010-06-10
ccleyburn5b,rJ5>!>6)2h8p\7,ccleyburn5b@china.com.cn,Cecilius Chong,1994-01-26,Cody Cleyburn,23,3,100,64,,,," (N'ccleyburn5b', N'rJ5>!>6)2h8p\7', N'ccleyburn5b@china.com.cn',N'Cecilius Chong',N'1994-01-26',N'Cody Cleyburn',N'23',N'3',N'100',N'64'),",1994-01-26
fjobb5c,bC0'~?v7hh0NXb9,fjobb5c@unesco.org,Lilllie Eland,2012-12-04,Fabien Jobb,79,8,30,32,,,," (N'fjobb5c', N'bC0'~?v7hh0NXb9', N'fjobb5c@unesco.org',N'Lilllie Eland',N'2012-12-04',N'Fabien Jobb',N'79',N'8',N'30',N'32'),",2012-12-04
amatteuzzi5d,rF1_Rpo+Q,amatteuzzi5d@discuz.net,Kate Rushbrook,2007-09-25,Alanna Matteuzzi,81,6,95,68,,,," (N'amatteuzzi5d', N'rF1_Rpo+Q', N'amatteuzzi5d@discuz.net',N'Kate Rushbrook',N'2007-09-25',N'Alanna Matteuzzi',N'81',N'6',N'95',N'68'),",2007-09-25
ptipple5e,jY9/&+*=9S%se,ptipple5e@sohu.com,Karly Ardron,1984-03-27,Paxon Tipple,8,6,131,27,,,," (N'ptipple5e', N'jY9/&+*=9S%se', N'ptipple5e@sohu.com',N'Karly Ardron',N'1984-03-27',N'Paxon Tipple',N'8',N'6',N'131',N'27'),",1984-03-27
jla5f,zF1`+e4C4_I~4XB,jla5f@sun.com,Claudius McCunn,1989-03-08,Joete La Torre,62,8,190,66,,,," (N'jla5f', N'zF1`+e4C4_I~4XB', N'jla5f@sun.com',N'Claudius McCunn',N'1989-03-08',N'Joete La Torre',N'62',N'8',N'190',N'66'),",1989-03-08
sisley5g,bS1#Mj}RMJ@$6,sisley5g@soundcloud.com,Livvyy Froude,2015-10-23,Shandy Isley,68,5,104,3,,,," (N'sisley5g', N'bS1#Mj}RMJ@$6', N'sisley5g@soundcloud.com',N'Livvyy Froude',N'2015-10-23',N'Shandy Isley',N'68',N'5',N'104',N'3'),",2015-10-23
omears5h,bQ0/6q0Uv(4A<,omears5h@vinaora.com,Nevsa Duinkerk,2013-08-06,Olenka Mears,64,4,197,82,,,," (N'omears5h', N'bQ0/6q0Uv(4A<', N'omears5h@vinaora.com',N'Nevsa Duinkerk',N'2013-08-06',N'Olenka Mears',N'64',N'4',N'197',N'82'),",2013-08-06
sbristow5i,uV9/?Tev\5,sbristow5i@barnesandnoble.com,Jemimah Lecointe,2002-11-29,Sergeant Bristow,47,8,58,50,,,," (N'sbristow5i', N'uV9/?Tev\5', N'sbristow5i@barnesandnoble.com',N'Jemimah Lecointe',N'2002-11-29',N'Sergeant Bristow',N'47',N'8',N'58',N'50'),",2002-11-29
emckeefry5j,lY9{o6?\Y,emckeefry5j@angelfire.com,Carie Burling,2006-09-22,Eleonora McKeefry,75,3,138,82,,,," (N'emckeefry5j', N'lY9{o6?\Y', N'emckeefry5j@angelfire.com',N'Carie Burling',N'2006-09-22',N'Eleonora McKeefry',N'75',N'3',N'138',N'82'),",2006-09-22
